path,file_name,folder_name,class_idx,class_name,binary_label,prediction,score
/Users/rashid/data/DS/AD/processed_corridor/test/box/006232_512_512.jpg,006232_512_512.jpg,box,1,anomaly,1,0,0.056412793695926666
/Users/rashid/data/DS/AD/processed_corridor/test/box/006233_512_512.jpg,006233_512_512.jpg,box,1,anomaly,1,0,0.05675191804766655
/Users/rashid/data/DS/AD/processed_corridor/test/box/006234_512_512.jpg,006234_512_512.jpg,box,1,anomaly,1,0,0.0575253963470459
/Users/rashid/data/DS/AD/processed_corridor/test/box/006235_512_512.jpg,006235_512_512.jpg,box,1,anomaly,1,0,0.05771279335021973
/Users/rashid/data/DS/AD/processed_corridor/test/box/006236_512_512.jpg,006236_512_512.jpg,box,1,anomaly,1,0,0.05795220658183098
/Users/rashid/data/DS/AD/processed_corridor/test/box/006237_512_512.jpg,006237_512_512.jpg,box,1,anomaly,1,0,0.05812212824821472
/Users/rashid/data/DS/AD/processed_corridor/test/box/006238_512_512.jpg,006238_512_512.jpg,box,1,anomaly,1,0,0.058428339660167694
/Users/rashid/data/DS/AD/processed_corridor/test/box/006239_512_512.jpg,006239_512_512.jpg,box,1,anomaly,1,0,0.058699723333120346
/Users/rashid/data/DS/AD/processed_corridor/test/box/006240_512_512.jpg,006240_512_512.jpg,box,1,anomaly,1,0,0.058610450476408005
/Users/rashid/data/DS/AD/processed_corridor/test/box/006241_512_512.jpg,006241_512_512.jpg,box,1,anomaly,1,0,0.058729372918605804
/Users/rashid/data/DS/AD/processed_corridor/test/box/006242_512_512.jpg,006242_512_512.jpg,box,1,anomaly,1,0,0.05877506732940674
/Users/rashid/data/DS/AD/processed_corridor/test/box/006243_512_512.jpg,006243_512_512.jpg,box,1,anomaly,1,0,0.058527469635009766
/Users/rashid/data/DS/AD/processed_corridor/test/box/006244_512_512.jpg,006244_512_512.jpg,box,1,anomaly,1,0,0.05872762203216553
/Users/rashid/data/DS/AD/processed_corridor/test/box/006245_512_512.jpg,006245_512_512.jpg,box,1,anomaly,1,0,0.059214070439338684
/Users/rashid/data/DS/AD/processed_corridor/test/box/006246_512_512.jpg,006246_512_512.jpg,box,1,anomaly,1,0,0.058689557015895844
/Users/rashid/data/DS/AD/processed_corridor/test/box/006247_512_512.jpg,006247_512_512.jpg,box,1,anomaly,1,0,0.05832943320274353
/Users/rashid/data/DS/AD/processed_corridor/test/box/006248_512_512.jpg,006248_512_512.jpg,box,1,anomaly,1,0,0.058104634284973145
/Users/rashid/data/DS/AD/processed_corridor/test/box/006249_512_512.jpg,006249_512_512.jpg,box,1,anomaly,1,0,0.05816934257745743
/Users/rashid/data/DS/AD/processed_corridor/test/box/006250_512_512.jpg,006250_512_512.jpg,box,1,anomaly,1,0,0.05844948813319206
/Users/rashid/data/DS/AD/processed_corridor/test/box/006251_512_512.jpg,006251_512_512.jpg,box,1,anomaly,1,0,0.05890698358416557
/Users/rashid/data/DS/AD/processed_corridor/test/box/006252_512_512.jpg,006252_512_512.jpg,box,1,anomaly,1,0,0.05934455990791321
/Users/rashid/data/DS/AD/processed_corridor/test/box/006253_512_512.jpg,006253_512_512.jpg,box,1,anomaly,1,0,0.05929088592529297
/Users/rashid/data/DS/AD/processed_corridor/test/box/006254_512_512.jpg,006254_512_512.jpg,box,1,anomaly,1,0,0.05933003127574921
/Users/rashid/data/DS/AD/processed_corridor/test/box/006255_512_512.jpg,006255_512_512.jpg,box,1,anomaly,1,0,0.05944204330444336
/Users/rashid/data/DS/AD/processed_corridor/test/box/006256_512_512.jpg,006256_512_512.jpg,box,1,anomaly,1,0,0.0593167245388031
/Users/rashid/data/DS/AD/processed_corridor/test/box/006257_512_512.jpg,006257_512_512.jpg,box,1,anomaly,1,0,0.05974971503019333
/Users/rashid/data/DS/AD/processed_corridor/test/box/006258_512_512.jpg,006258_512_512.jpg,box,1,anomaly,1,0,0.05993279814720154
/Users/rashid/data/DS/AD/processed_corridor/test/box/006259_512_512.jpg,006259_512_512.jpg,box,1,anomaly,1,0,0.06009170413017273
/Users/rashid/data/DS/AD/processed_corridor/test/box/006260_512_512.jpg,006260_512_512.jpg,box,1,anomaly,1,0,0.05976270139217377
/Users/rashid/data/DS/AD/processed_corridor/test/box/006261_512_512.jpg,006261_512_512.jpg,box,1,anomaly,1,0,0.05976758897304535
/Users/rashid/data/DS/AD/processed_corridor/test/box/006262_512_512.jpg,006262_512_512.jpg,box,1,anomaly,1,0,0.05997082218527794
/Users/rashid/data/DS/AD/processed_corridor/test/box/006263_512_512.jpg,006263_512_512.jpg,box,1,anomaly,1,0,0.060560088604688644
/Users/rashid/data/DS/AD/processed_corridor/test/box/006264_512_512.jpg,006264_512_512.jpg,box,1,anomaly,1,0,0.06059699505567551
/Users/rashid/data/DS/AD/processed_corridor/test/box/006265_512_512.jpg,006265_512_512.jpg,box,1,anomaly,1,0,0.06077798455953598
/Users/rashid/data/DS/AD/processed_corridor/test/box/006266_512_512.jpg,006266_512_512.jpg,box,1,anomaly,1,0,0.06100650131702423
/Users/rashid/data/DS/AD/processed_corridor/test/box/006267_512_512.jpg,006267_512_512.jpg,box,1,anomaly,1,0,0.06121128052473068
/Users/rashid/data/DS/AD/processed_corridor/test/box/006268_512_512.jpg,006268_512_512.jpg,box,1,anomaly,1,0,0.06144748255610466
/Users/rashid/data/DS/AD/processed_corridor/test/box/006269_512_512.jpg,006269_512_512.jpg,box,1,anomaly,1,0,0.0613483190536499
/Users/rashid/data/DS/AD/processed_corridor/test/box/006270_512_512.jpg,006270_512_512.jpg,box,1,anomaly,1,0,0.06120443344116211
/Users/rashid/data/DS/AD/processed_corridor/test/box/006271_512_512.jpg,006271_512_512.jpg,box,1,anomaly,1,0,0.061104562133550644
/Users/rashid/data/DS/AD/processed_corridor/test/box/006272_512_512.jpg,006272_512_512.jpg,box,1,anomaly,1,0,0.06092589721083641
/Users/rashid/data/DS/AD/processed_corridor/test/box/006273_512_512.jpg,006273_512_512.jpg,box,1,anomaly,1,0,0.06074347347021103
/Users/rashid/data/DS/AD/processed_corridor/test/box/006274_512_512.jpg,006274_512_512.jpg,box,1,anomaly,1,0,0.060718875378370285
/Users/rashid/data/DS/AD/processed_corridor/test/box/006275_512_512.jpg,006275_512_512.jpg,box,1,anomaly,1,0,0.06038399785757065
/Users/rashid/data/DS/AD/processed_corridor/test/box/006276_512_512.jpg,006276_512_512.jpg,box,1,anomaly,1,0,0.05980174243450165
/Users/rashid/data/DS/AD/processed_corridor/test/box/006277_512_512.jpg,006277_512_512.jpg,box,1,anomaly,1,0,0.059397440403699875
/Users/rashid/data/DS/AD/processed_corridor/test/box/006278_512_512.jpg,006278_512_512.jpg,box,1,anomaly,1,0,0.05890442058444023
/Users/rashid/data/DS/AD/processed_corridor/test/box/006279_512_512.jpg,006279_512_512.jpg,box,1,anomaly,1,0,0.05828225612640381
/Users/rashid/data/DS/AD/processed_corridor/test/box/006280_512_512.jpg,006280_512_512.jpg,box,1,anomaly,1,0,0.057846955955028534
/Users/rashid/data/DS/AD/processed_corridor/test/box/006281_512_512.jpg,006281_512_512.jpg,box,1,anomaly,1,0,0.057383738458156586
/Users/rashid/data/DS/AD/processed_corridor/test/box/006282_512_512.jpg,006282_512_512.jpg,box,1,anomaly,1,0,0.05746252462267876
/Users/rashid/data/DS/AD/processed_corridor/test/box/006283_512_512.jpg,006283_512_512.jpg,box,1,anomaly,1,0,0.05760107934474945
/Users/rashid/data/DS/AD/processed_corridor/test/box/006284_512_512.jpg,006284_512_512.jpg,box,1,anomaly,1,0,0.05751774460077286
/Users/rashid/data/DS/AD/processed_corridor/test/box/006285_512_512.jpg,006285_512_512.jpg,box,1,anomaly,1,0,0.05802234634757042
/Users/rashid/data/DS/AD/processed_corridor/test/box/006286_512_512.jpg,006286_512_512.jpg,box,1,anomaly,1,0,0.058272331953048706
/Users/rashid/data/DS/AD/processed_corridor/test/box/006287_512_512.jpg,006287_512_512.jpg,box,1,anomaly,1,0,0.05830088257789612
/Users/rashid/data/DS/AD/processed_corridor/test/box/006288_512_512.jpg,006288_512_512.jpg,box,1,anomaly,1,0,0.05798868089914322
/Users/rashid/data/DS/AD/processed_corridor/test/box/006289_512_512.jpg,006289_512_512.jpg,box,1,anomaly,1,0,0.05833408981561661
/Users/rashid/data/DS/AD/processed_corridor/test/box/006290_512_512.jpg,006290_512_512.jpg,box,1,anomaly,1,0,0.05817398428916931
/Users/rashid/data/DS/AD/processed_corridor/test/box/006291_512_512.jpg,006291_512_512.jpg,box,1,anomaly,1,0,0.05837272107601166
/Users/rashid/data/DS/AD/processed_corridor/test/box/006292_512_512.jpg,006292_512_512.jpg,box,1,anomaly,1,0,0.05862877890467644
/Users/rashid/data/DS/AD/processed_corridor/test/box/006293_512_512.jpg,006293_512_512.jpg,box,1,anomaly,1,0,0.05931078642606735
/Users/rashid/data/DS/AD/processed_corridor/test/box/006294_512_512.jpg,006294_512_512.jpg,box,1,anomaly,1,0,0.05961495637893677
/Users/rashid/data/DS/AD/processed_corridor/test/box/006295_512_512.jpg,006295_512_512.jpg,box,1,anomaly,1,0,0.059787046164274216
/Users/rashid/data/DS/AD/processed_corridor/test/box/006296_512_512.jpg,006296_512_512.jpg,box,1,anomaly,1,0,0.060233525931835175
/Users/rashid/data/DS/AD/processed_corridor/test/box/006297_512_512.jpg,006297_512_512.jpg,box,1,anomaly,1,0,0.06069871410727501
/Users/rashid/data/DS/AD/processed_corridor/test/box/006298_512_512.jpg,006298_512_512.jpg,box,1,anomaly,1,0,0.06110186129808426
/Users/rashid/data/DS/AD/processed_corridor/test/box/006299_512_512.jpg,006299_512_512.jpg,box,1,anomaly,1,0,0.06106582283973694
/Users/rashid/data/DS/AD/processed_corridor/test/box/006300_512_512.jpg,006300_512_512.jpg,box,1,anomaly,1,0,0.061396390199661255
/Users/rashid/data/DS/AD/processed_corridor/test/box/006301_512_512.jpg,006301_512_512.jpg,box,1,anomaly,1,0,0.061874307692050934
/Users/rashid/data/DS/AD/processed_corridor/test/box/006302_512_512.jpg,006302_512_512.jpg,box,1,anomaly,1,0,0.062138836830854416
/Users/rashid/data/DS/AD/processed_corridor/test/box/006303_512_512.jpg,006303_512_512.jpg,box,1,anomaly,1,0,0.06255793571472168
/Users/rashid/data/DS/AD/processed_corridor/test/box/006304_512_512.jpg,006304_512_512.jpg,box,1,anomaly,1,0,0.06273052096366882
/Users/rashid/data/DS/AD/processed_corridor/test/box/006305_512_512.jpg,006305_512_512.jpg,box,1,anomaly,1,0,0.0634850338101387
/Users/rashid/data/DS/AD/processed_corridor/test/box/006306_512_512.jpg,006306_512_512.jpg,box,1,anomaly,1,0,0.06414622068405151
/Users/rashid/data/DS/AD/processed_corridor/test/box/006307_512_512.jpg,006307_512_512.jpg,box,1,anomaly,1,0,0.06453443318605423
/Users/rashid/data/DS/AD/processed_corridor/test/box/006308_512_512.jpg,006308_512_512.jpg,box,1,anomaly,1,0,0.06538793444633484
/Users/rashid/data/DS/AD/processed_corridor/test/box/006309_512_512.jpg,006309_512_512.jpg,box,1,anomaly,1,0,0.06630343198776245
/Users/rashid/data/DS/AD/processed_corridor/test/box/006310_512_512.jpg,006310_512_512.jpg,box,1,anomaly,1,0,0.06726966053247452
/Users/rashid/data/DS/AD/processed_corridor/test/box/006311_512_512.jpg,006311_512_512.jpg,box,1,anomaly,1,0,0.06847323477268219
/Users/rashid/data/DS/AD/processed_corridor/test/box/006312_512_512.jpg,006312_512_512.jpg,box,1,anomaly,1,0,0.06946330517530441
/Users/rashid/data/DS/AD/processed_corridor/test/box/006313_512_512.jpg,006313_512_512.jpg,box,1,anomaly,1,0,0.07000769674777985
/Users/rashid/data/DS/AD/processed_corridor/test/box/006314_512_512.jpg,006314_512_512.jpg,box,1,anomaly,1,0,0.07067974656820297
/Users/rashid/data/DS/AD/processed_corridor/test/box/006315_512_512.jpg,006315_512_512.jpg,box,1,anomaly,1,0,0.07131622731685638
/Users/rashid/data/DS/AD/processed_corridor/test/box/006316_512_512.jpg,006316_512_512.jpg,box,1,anomaly,1,0,0.07151022553443909
/Users/rashid/data/DS/AD/processed_corridor/test/box/006317_512_512.jpg,006317_512_512.jpg,box,1,anomaly,1,0,0.07208751142024994
/Users/rashid/data/DS/AD/processed_corridor/test/box/006318_512_512.jpg,006318_512_512.jpg,box,1,anomaly,1,0,0.07220423221588135
/Users/rashid/data/DS/AD/processed_corridor/test/box/006319_512_512.jpg,006319_512_512.jpg,box,1,anomaly,1,0,0.07267862558364868
/Users/rashid/data/DS/AD/processed_corridor/test/box/006320_512_512.jpg,006320_512_512.jpg,box,1,anomaly,1,0,0.07344978302717209
/Users/rashid/data/DS/AD/processed_corridor/test/box/006321_512_512.jpg,006321_512_512.jpg,box,1,anomaly,1,0,0.07475574314594269
/Users/rashid/data/DS/AD/processed_corridor/test/box/006322_512_512.jpg,006322_512_512.jpg,box,1,anomaly,1,0,0.07514241337776184
/Users/rashid/data/DS/AD/processed_corridor/test/box/006323_512_512.jpg,006323_512_512.jpg,box,1,anomaly,1,0,0.07592654228210449
/Users/rashid/data/DS/AD/processed_corridor/test/box/006324_512_512.jpg,006324_512_512.jpg,box,1,anomaly,1,0,0.0764787346124649
/Users/rashid/data/DS/AD/processed_corridor/test/box/006325_512_512.jpg,006325_512_512.jpg,box,1,anomaly,1,0,0.07729858160018921
/Users/rashid/data/DS/AD/processed_corridor/test/box/006326_512_512.jpg,006326_512_512.jpg,box,1,anomaly,1,0,0.07797903567552567
/Users/rashid/data/DS/AD/processed_corridor/test/box/006327_512_512.jpg,006327_512_512.jpg,box,1,anomaly,1,0,0.07856787741184235
/Users/rashid/data/DS/AD/processed_corridor/test/box/006328_512_512.jpg,006328_512_512.jpg,box,1,anomaly,1,0,0.07913428544998169
/Users/rashid/data/DS/AD/processed_corridor/test/box/006329_512_512.jpg,006329_512_512.jpg,box,1,anomaly,1,0,0.08070738613605499
/Users/rashid/data/DS/AD/processed_corridor/test/box/006330_512_512.jpg,006330_512_512.jpg,box,1,anomaly,1,0,0.08181051909923553
/Users/rashid/data/DS/AD/processed_corridor/test/box/006331_512_512.jpg,006331_512_512.jpg,box,1,anomaly,1,0,0.0833050012588501
/Users/rashid/data/DS/AD/processed_corridor/test/box/006332_512_512.jpg,006332_512_512.jpg,box,1,anomaly,1,0,0.08370564877986908
/Users/rashid/data/DS/AD/processed_corridor/test/box/006333_512_512.jpg,006333_512_512.jpg,box,1,anomaly,1,0,0.08481231331825256
/Users/rashid/data/DS/AD/processed_corridor/test/box/006334_512_512.jpg,006334_512_512.jpg,box,1,anomaly,1,0,0.08558477461338043
/Users/rashid/data/DS/AD/processed_corridor/test/box/006335_512_512.jpg,006335_512_512.jpg,box,1,anomaly,1,0,0.08841617405414581
/Users/rashid/data/DS/AD/processed_corridor/test/box/006336_512_512.jpg,006336_512_512.jpg,box,1,anomaly,1,1,0.08984071016311646
/Users/rashid/data/DS/AD/processed_corridor/test/box/006337_512_512.jpg,006337_512_512.jpg,box,1,anomaly,1,1,0.09085868299007416
/Users/rashid/data/DS/AD/processed_corridor/test/box/006338_512_512.jpg,006338_512_512.jpg,box,1,anomaly,1,1,0.0924609899520874
/Users/rashid/data/DS/AD/processed_corridor/test/box/006339_512_512.jpg,006339_512_512.jpg,box,1,anomaly,1,1,0.09345084428787231
/Users/rashid/data/DS/AD/processed_corridor/test/box/006340_512_512.jpg,006340_512_512.jpg,box,1,anomaly,1,1,0.09487982094287872
/Users/rashid/data/DS/AD/processed_corridor/test/box/006341_512_512.jpg,006341_512_512.jpg,box,1,anomaly,1,1,0.09574528783559799
/Users/rashid/data/DS/AD/processed_corridor/test/box/006342_512_512.jpg,006342_512_512.jpg,box,1,anomaly,1,1,0.09626168012619019
/Users/rashid/data/DS/AD/processed_corridor/test/box/006343_512_512.jpg,006343_512_512.jpg,box,1,anomaly,1,1,0.09720633924007416
/Users/rashid/data/DS/AD/processed_corridor/test/box/006344_512_512.jpg,006344_512_512.jpg,box,1,anomaly,1,1,0.09865157306194305
/Users/rashid/data/DS/AD/processed_corridor/test/box/006345_512_512.jpg,006345_512_512.jpg,box,1,anomaly,1,1,0.10060852020978928
/Users/rashid/data/DS/AD/processed_corridor/test/box/006346_512_512.jpg,006346_512_512.jpg,box,1,anomaly,1,1,0.10223524272441864
/Users/rashid/data/DS/AD/processed_corridor/test/box/006347_512_512.jpg,006347_512_512.jpg,box,1,anomaly,1,1,0.10345914214849472
/Users/rashid/data/DS/AD/processed_corridor/test/box/006348_512_512.jpg,006348_512_512.jpg,box,1,anomaly,1,1,0.10497059673070908
/Users/rashid/data/DS/AD/processed_corridor/test/box/006349_512_512.jpg,006349_512_512.jpg,box,1,anomaly,1,1,0.1063702404499054
/Users/rashid/data/DS/AD/processed_corridor/test/box/006350_512_512.jpg,006350_512_512.jpg,box,1,anomaly,1,1,0.1124061793088913
/Users/rashid/data/DS/AD/processed_corridor/test/box/006351_512_512.jpg,006351_512_512.jpg,box,1,anomaly,1,1,0.11576956510543823
/Users/rashid/data/DS/AD/processed_corridor/test/box/006352_512_512.jpg,006352_512_512.jpg,box,1,anomaly,1,1,0.11801942437887192
/Users/rashid/data/DS/AD/processed_corridor/test/box/006353_512_512.jpg,006353_512_512.jpg,box,1,anomaly,1,1,0.11871908605098724
/Users/rashid/data/DS/AD/processed_corridor/test/box/006354_512_512.jpg,006354_512_512.jpg,box,1,anomaly,1,1,0.11990201473236084
/Users/rashid/data/DS/AD/processed_corridor/test/box/006355_512_512.jpg,006355_512_512.jpg,box,1,anomaly,1,1,0.12121151387691498
/Users/rashid/data/DS/AD/processed_corridor/test/box/006356_512_512.jpg,006356_512_512.jpg,box,1,anomaly,1,1,0.12197455018758774
/Users/rashid/data/DS/AD/processed_corridor/test/box/006357_512_512.jpg,006357_512_512.jpg,box,1,anomaly,1,1,0.1231815442442894
/Users/rashid/data/DS/AD/processed_corridor/test/box/006358_512_512.jpg,006358_512_512.jpg,box,1,anomaly,1,1,0.12441161274909973
/Users/rashid/data/DS/AD/processed_corridor/test/box/006359_512_512.jpg,006359_512_512.jpg,box,1,anomaly,1,1,0.1260804533958435
/Users/rashid/data/DS/AD/processed_corridor/test/box/006360_512_512.jpg,006360_512_512.jpg,box,1,anomaly,1,1,0.12866751849651337
/Users/rashid/data/DS/AD/processed_corridor/test/box/006361_512_512.jpg,006361_512_512.jpg,box,1,anomaly,1,1,0.1309293955564499
/Users/rashid/data/DS/AD/processed_corridor/test/box/006362_512_512.jpg,006362_512_512.jpg,box,1,anomaly,1,1,0.13397249579429626
/Users/rashid/data/DS/AD/processed_corridor/test/box/006363_512_512.jpg,006363_512_512.jpg,box,1,anomaly,1,1,0.13623128831386566
/Users/rashid/data/DS/AD/processed_corridor/test/box/006364_512_512.jpg,006364_512_512.jpg,box,1,anomaly,1,1,0.13901972770690918
/Users/rashid/data/DS/AD/processed_corridor/test/box/006365_512_512.jpg,006365_512_512.jpg,box,1,anomaly,1,1,0.14562633633613586
/Users/rashid/data/DS/AD/processed_corridor/test/box/006366_512_512.jpg,006366_512_512.jpg,box,1,anomaly,1,1,0.14853957295417786
/Users/rashid/data/DS/AD/processed_corridor/test/box/006367_512_512.jpg,006367_512_512.jpg,box,1,anomaly,1,1,0.15060573816299438
/Users/rashid/data/DS/AD/processed_corridor/test/box/006368_512_512.jpg,006368_512_512.jpg,box,1,anomaly,1,1,0.15387213230133057
/Users/rashid/data/DS/AD/processed_corridor/test/box/006369_512_512.jpg,006369_512_512.jpg,box,1,anomaly,1,1,0.15544378757476807
/Users/rashid/data/DS/AD/processed_corridor/test/box/006370_512_512.jpg,006370_512_512.jpg,box,1,anomaly,1,1,0.1560027003288269
/Users/rashid/data/DS/AD/processed_corridor/test/box/006371_512_512.jpg,006371_512_512.jpg,box,1,anomaly,1,1,0.15617769956588745
/Users/rashid/data/DS/AD/processed_corridor/test/box/006372_512_512.jpg,006372_512_512.jpg,box,1,anomaly,1,1,0.1563095897436142
/Users/rashid/data/DS/AD/processed_corridor/test/box/006373_512_512.jpg,006373_512_512.jpg,box,1,anomaly,1,1,0.1568487286567688
/Users/rashid/data/DS/AD/processed_corridor/test/box/006374_512_512.jpg,006374_512_512.jpg,box,1,anomaly,1,1,0.15744231641292572
/Users/rashid/data/DS/AD/processed_corridor/test/box/006375_512_512.jpg,006375_512_512.jpg,box,1,anomaly,1,1,0.15752501785755157
/Users/rashid/data/DS/AD/processed_corridor/test/box/006376_512_512.jpg,006376_512_512.jpg,box,1,anomaly,1,1,0.15833871066570282
/Users/rashid/data/DS/AD/processed_corridor/test/box/006377_512_512.jpg,006377_512_512.jpg,box,1,anomaly,1,1,0.1576996147632599
/Users/rashid/data/DS/AD/processed_corridor/test/box/006378_512_512.jpg,006378_512_512.jpg,box,1,anomaly,1,1,0.15908066928386688
/Users/rashid/data/DS/AD/processed_corridor/test/box/006379_512_512.jpg,006379_512_512.jpg,box,1,anomaly,1,1,0.15941773355007172
/Users/rashid/data/DS/AD/processed_corridor/test/box/006380_512_512.jpg,006380_512_512.jpg,box,1,anomaly,1,1,0.15988755226135254
/Users/rashid/data/DS/AD/processed_corridor/test/box/006381_512_512.jpg,006381_512_512.jpg,box,1,anomaly,1,1,0.15990954637527466
/Users/rashid/data/DS/AD/processed_corridor/test/box/006382_512_512.jpg,006382_512_512.jpg,box,1,anomaly,1,1,0.15937212109565735
/Users/rashid/data/DS/AD/processed_corridor/test/box/006383_512_512.jpg,006383_512_512.jpg,box,1,anomaly,1,1,0.15914911031723022
/Users/rashid/data/DS/AD/processed_corridor/test/box/006384_512_512.jpg,006384_512_512.jpg,box,1,anomaly,1,0,0.08494832366704941
/Users/rashid/data/DS/AD/processed_corridor/test/box/006385_512_512.jpg,006385_512_512.jpg,box,1,anomaly,1,0,0.08498242497444153
/Users/rashid/data/DS/AD/processed_corridor/test/box/006386_512_512.jpg,006386_512_512.jpg,box,1,anomaly,1,0,0.08490052074193954
/Users/rashid/data/DS/AD/processed_corridor/test/box/006387_512_512.jpg,006387_512_512.jpg,box,1,anomaly,1,0,0.08482911437749863
/Users/rashid/data/DS/AD/processed_corridor/test/box/006388_512_512.jpg,006388_512_512.jpg,box,1,anomaly,1,0,0.08498319983482361
/Users/rashid/data/DS/AD/processed_corridor/test/box/006389_512_512.jpg,006389_512_512.jpg,box,1,anomaly,1,0,0.08489128202199936
/Users/rashid/data/DS/AD/processed_corridor/test/box/006390_512_512.jpg,006390_512_512.jpg,box,1,anomaly,1,0,0.08489464223384857
/Users/rashid/data/DS/AD/processed_corridor/test/box/006391_512_512.jpg,006391_512_512.jpg,box,1,anomaly,1,0,0.08503931760787964
/Users/rashid/data/DS/AD/processed_corridor/test/box/006392_512_512.jpg,006392_512_512.jpg,box,1,anomaly,1,0,0.08497820794582367
/Users/rashid/data/DS/AD/processed_corridor/test/box/006393_512_512.jpg,006393_512_512.jpg,box,1,anomaly,1,0,0.0849335789680481
/Users/rashid/data/DS/AD/processed_corridor/test/box/006394_512_512.jpg,006394_512_512.jpg,box,1,anomaly,1,0,0.08481698483228683
/Users/rashid/data/DS/AD/processed_corridor/test/box/006395_512_512.jpg,006395_512_512.jpg,box,1,anomaly,1,0,0.08492469787597656
/Users/rashid/data/DS/AD/processed_corridor/test/box/006396_512_512.jpg,006396_512_512.jpg,box,1,anomaly,1,0,0.08495450019836426
/Users/rashid/data/DS/AD/processed_corridor/test/box/006397_512_512.jpg,006397_512_512.jpg,box,1,anomaly,1,0,0.08488168567419052
/Users/rashid/data/DS/AD/processed_corridor/test/box/006398_512_512.jpg,006398_512_512.jpg,box,1,anomaly,1,0,0.08489030599594116
/Users/rashid/data/DS/AD/processed_corridor/test/box/006399_512_512.jpg,006399_512_512.jpg,box,1,anomaly,1,0,0.08485665172338486
/Users/rashid/data/DS/AD/processed_corridor/test/box/006400_512_512.jpg,006400_512_512.jpg,box,1,anomaly,1,0,0.08492230623960495
/Users/rashid/data/DS/AD/processed_corridor/test/box/006401_512_512.jpg,006401_512_512.jpg,box,1,anomaly,1,0,0.08494316041469574
/Users/rashid/data/DS/AD/processed_corridor/test/box/006402_512_512.jpg,006402_512_512.jpg,box,1,anomaly,1,0,0.08497288078069687
/Users/rashid/data/DS/AD/processed_corridor/test/box/006403_512_512.jpg,006403_512_512.jpg,box,1,anomaly,1,0,0.0850028246641159
/Users/rashid/data/DS/AD/processed_corridor/test/box/006404_512_512.jpg,006404_512_512.jpg,box,1,anomaly,1,0,0.08451943099498749
/Users/rashid/data/DS/AD/processed_corridor/test/box/006405_512_512.jpg,006405_512_512.jpg,box,1,anomaly,1,0,0.0840822085738182
/Users/rashid/data/DS/AD/processed_corridor/test/box/006406_512_512.jpg,006406_512_512.jpg,box,1,anomaly,1,0,0.08426079154014587
/Users/rashid/data/DS/AD/processed_corridor/test/box/006407_512_512.jpg,006407_512_512.jpg,box,1,anomaly,1,0,0.08445229381322861
/Users/rashid/data/DS/AD/processed_corridor/test/box/006408_512_512.jpg,006408_512_512.jpg,box,1,anomaly,1,0,0.08510927855968475
/Users/rashid/data/DS/AD/processed_corridor/test/box/006409_512_512.jpg,006409_512_512.jpg,box,1,anomaly,1,0,0.08619509637355804
/Users/rashid/data/DS/AD/processed_corridor/test/box/006410_512_512.jpg,006410_512_512.jpg,box,1,anomaly,1,0,0.08696474879980087
/Users/rashid/data/DS/AD/processed_corridor/test/box/006411_512_512.jpg,006411_512_512.jpg,box,1,anomaly,1,0,0.08812849223613739
/Users/rashid/data/DS/AD/processed_corridor/test/box/006412_512_512.jpg,006412_512_512.jpg,box,1,anomaly,1,0,0.08942855894565582
/Users/rashid/data/DS/AD/processed_corridor/test/box/006413_512_512.jpg,006413_512_512.jpg,box,1,anomaly,1,1,0.0903288945555687
/Users/rashid/data/DS/AD/processed_corridor/test/box/006414_512_512.jpg,006414_512_512.jpg,box,1,anomaly,1,1,0.09206706285476685
/Users/rashid/data/DS/AD/processed_corridor/test/box/006415_512_512.jpg,006415_512_512.jpg,box,1,anomaly,1,1,0.09323140233755112
/Users/rashid/data/DS/AD/processed_corridor/test/box/006416_512_512.jpg,006416_512_512.jpg,box,1,anomaly,1,1,0.09431810677051544
/Users/rashid/data/DS/AD/processed_corridor/test/box/006417_512_512.jpg,006417_512_512.jpg,box,1,anomaly,1,1,0.09488632529973984
/Users/rashid/data/DS/AD/processed_corridor/test/box/006418_512_512.jpg,006418_512_512.jpg,box,1,anomaly,1,1,0.09483994543552399
/Users/rashid/data/DS/AD/processed_corridor/test/box/006419_512_512.jpg,006419_512_512.jpg,box,1,anomaly,1,1,0.09493453800678253
/Users/rashid/data/DS/AD/processed_corridor/test/box/006420_512_512.jpg,006420_512_512.jpg,box,1,anomaly,1,1,0.09427718818187714
/Users/rashid/data/DS/AD/processed_corridor/test/box/006421_512_512.jpg,006421_512_512.jpg,box,1,anomaly,1,1,0.09434175491333008
/Users/rashid/data/DS/AD/processed_corridor/test/box/006422_512_512.jpg,006422_512_512.jpg,box,1,anomaly,1,1,0.0943387970328331
/Users/rashid/data/DS/AD/processed_corridor/test/box/006423_512_512.jpg,006423_512_512.jpg,box,1,anomaly,1,1,0.09441715478897095
/Users/rashid/data/DS/AD/processed_corridor/test/box/006424_512_512.jpg,006424_512_512.jpg,box,1,anomaly,1,1,0.09423842281103134
/Users/rashid/data/DS/AD/processed_corridor/test/box/006425_512_512.jpg,006425_512_512.jpg,box,1,anomaly,1,1,0.09411223232746124
/Users/rashid/data/DS/AD/processed_corridor/test/box/006426_512_512.jpg,006426_512_512.jpg,box,1,anomaly,1,1,0.09453317523002625
/Users/rashid/data/DS/AD/processed_corridor/test/box/006427_512_512.jpg,006427_512_512.jpg,box,1,anomaly,1,1,0.09547698497772217
/Users/rashid/data/DS/AD/processed_corridor/test/box/006428_512_512.jpg,006428_512_512.jpg,box,1,anomaly,1,1,0.09642402827739716
/Users/rashid/data/DS/AD/processed_corridor/test/box/006429_512_512.jpg,006429_512_512.jpg,box,1,anomaly,1,1,0.09738036245107651
/Users/rashid/data/DS/AD/processed_corridor/test/box/006430_512_512.jpg,006430_512_512.jpg,box,1,anomaly,1,1,0.09843844175338745
/Users/rashid/data/DS/AD/processed_corridor/test/box/006431_512_512.jpg,006431_512_512.jpg,box,1,anomaly,1,1,0.09935413300991058
/Users/rashid/data/DS/AD/processed_corridor/test/box/006432_512_512.jpg,006432_512_512.jpg,box,1,anomaly,1,1,0.10002408921718597
/Users/rashid/data/DS/AD/processed_corridor/test/box/006433_512_512.jpg,006433_512_512.jpg,box,1,anomaly,1,1,0.10036569088697433
/Users/rashid/data/DS/AD/processed_corridor/test/box/006434_512_512.jpg,006434_512_512.jpg,box,1,anomaly,1,1,0.10033188760280609
/Users/rashid/data/DS/AD/processed_corridor/test/box/006435_512_512.jpg,006435_512_512.jpg,box,1,anomaly,1,1,0.10021133720874786
/Users/rashid/data/DS/AD/processed_corridor/test/box/006436_512_512.jpg,006436_512_512.jpg,box,1,anomaly,1,1,0.1003732681274414
/Users/rashid/data/DS/AD/processed_corridor/test/box/006437_512_512.jpg,006437_512_512.jpg,box,1,anomaly,1,1,0.1005597710609436
/Users/rashid/data/DS/AD/processed_corridor/test/box/006438_512_512.jpg,006438_512_512.jpg,box,1,anomaly,1,1,0.10037969052791595
/Users/rashid/data/DS/AD/processed_corridor/test/box/006439_512_512.jpg,006439_512_512.jpg,box,1,anomaly,1,1,0.10016928613185883
/Users/rashid/data/DS/AD/processed_corridor/test/box/006440_512_512.jpg,006440_512_512.jpg,box,1,anomaly,1,1,0.09993617236614227
/Users/rashid/data/DS/AD/processed_corridor/test/box/006441_512_512.jpg,006441_512_512.jpg,box,1,anomaly,1,1,0.10027413815259933
/Users/rashid/data/DS/AD/processed_corridor/test/box/006442_512_512.jpg,006442_512_512.jpg,box,1,anomaly,1,1,0.09985854476690292
/Users/rashid/data/DS/AD/processed_corridor/test/box/006443_512_512.jpg,006443_512_512.jpg,box,1,anomaly,1,1,0.09952455013990402
/Users/rashid/data/DS/AD/processed_corridor/test/box/006444_512_512.jpg,006444_512_512.jpg,box,1,anomaly,1,1,0.0997823104262352
/Users/rashid/data/DS/AD/processed_corridor/test/box/006445_512_512.jpg,006445_512_512.jpg,box,1,anomaly,1,1,0.09975739568471909
/Users/rashid/data/DS/AD/processed_corridor/test/box/006446_512_512.jpg,006446_512_512.jpg,box,1,anomaly,1,1,0.09938395023345947
/Users/rashid/data/DS/AD/processed_corridor/test/box/006447_512_512.jpg,006447_512_512.jpg,box,1,anomaly,1,1,0.09919364750385284
/Users/rashid/data/DS/AD/processed_corridor/test/box/006448_512_512.jpg,006448_512_512.jpg,box,1,anomaly,1,1,0.09908135235309601
/Users/rashid/data/DS/AD/processed_corridor/test/box/006449_512_512.jpg,006449_512_512.jpg,box,1,anomaly,1,1,0.09948424994945526
/Users/rashid/data/DS/AD/processed_corridor/test/box/006450_512_512.jpg,006450_512_512.jpg,box,1,anomaly,1,1,0.0992903932929039
/Users/rashid/data/DS/AD/processed_corridor/test/box/006451_512_512.jpg,006451_512_512.jpg,box,1,anomaly,1,1,0.0998162254691124
/Users/rashid/data/DS/AD/processed_corridor/test/box/006452_512_512.jpg,006452_512_512.jpg,box,1,anomaly,1,1,0.09986861795186996
/Users/rashid/data/DS/AD/processed_corridor/test/box/006453_512_512.jpg,006453_512_512.jpg,box,1,anomaly,1,1,0.10028950870037079
/Users/rashid/data/DS/AD/processed_corridor/test/box/006454_512_512.jpg,006454_512_512.jpg,box,1,anomaly,1,1,0.10040156543254852
/Users/rashid/data/DS/AD/processed_corridor/test/box/006455_512_512.jpg,006455_512_512.jpg,box,1,anomaly,1,1,0.10053908079862595
/Users/rashid/data/DS/AD/processed_corridor/test/box/006456_512_512.jpg,006456_512_512.jpg,box,1,anomaly,1,1,0.10081267356872559
/Users/rashid/data/DS/AD/processed_corridor/test/box/006457_512_512.jpg,006457_512_512.jpg,box,1,anomaly,1,1,0.10115781426429749
/Users/rashid/data/DS/AD/processed_corridor/test/box/006458_512_512.jpg,006458_512_512.jpg,box,1,anomaly,1,1,0.10113148391246796
/Users/rashid/data/DS/AD/processed_corridor/test/box/006459_512_512.jpg,006459_512_512.jpg,box,1,anomaly,1,1,0.10137190669775009
/Users/rashid/data/DS/AD/processed_corridor/test/box/006460_512_512.jpg,006460_512_512.jpg,box,1,anomaly,1,1,0.10132723301649094
/Users/rashid/data/DS/AD/processed_corridor/test/box/006461_512_512.jpg,006461_512_512.jpg,box,1,anomaly,1,1,0.10137465596199036
/Users/rashid/data/DS/AD/processed_corridor/test/box/006462_512_512.jpg,006462_512_512.jpg,box,1,anomaly,1,1,0.10101145505905151
/Users/rashid/data/DS/AD/processed_corridor/test/box/006463_512_512.jpg,006463_512_512.jpg,box,1,anomaly,1,1,0.10098911821842194
/Users/rashid/data/DS/AD/processed_corridor/test/box/006464_512_512.jpg,006464_512_512.jpg,box,1,anomaly,1,1,0.10127916187047958
/Users/rashid/data/DS/AD/processed_corridor/test/box/006465_512_512.jpg,006465_512_512.jpg,box,1,anomaly,1,1,0.10140001028776169
/Users/rashid/data/DS/AD/processed_corridor/test/box/006466_512_512.jpg,006466_512_512.jpg,box,1,anomaly,1,1,0.10185901820659637
/Users/rashid/data/DS/AD/processed_corridor/test/box/006467_512_512.jpg,006467_512_512.jpg,box,1,anomaly,1,1,0.10199442505836487
/Users/rashid/data/DS/AD/processed_corridor/test/box/006468_512_512.jpg,006468_512_512.jpg,box,1,anomaly,1,1,0.10198712348937988
/Users/rashid/data/DS/AD/processed_corridor/test/box/006469_512_512.jpg,006469_512_512.jpg,box,1,anomaly,1,1,0.10216840356588364
/Users/rashid/data/DS/AD/processed_corridor/test/box/006470_512_512.jpg,006470_512_512.jpg,box,1,anomaly,1,1,0.10195129364728928
/Users/rashid/data/DS/AD/processed_corridor/test/box/006471_512_512.jpg,006471_512_512.jpg,box,1,anomaly,1,1,0.10277725756168365
/Users/rashid/data/DS/AD/processed_corridor/test/box/006472_512_512.jpg,006472_512_512.jpg,box,1,anomaly,1,1,0.10293301194906235
/Users/rashid/data/DS/AD/processed_corridor/test/box/006473_512_512.jpg,006473_512_512.jpg,box,1,anomaly,1,1,0.10367008298635483
/Users/rashid/data/DS/AD/processed_corridor/test/box/006474_512_512.jpg,006474_512_512.jpg,box,1,anomaly,1,1,0.10453900694847107
/Users/rashid/data/DS/AD/processed_corridor/test/box/006475_512_512.jpg,006475_512_512.jpg,box,1,anomaly,1,1,0.10505793988704681
/Users/rashid/data/DS/AD/processed_corridor/test/box/006476_512_512.jpg,006476_512_512.jpg,box,1,anomaly,1,1,0.10554435104131699
/Users/rashid/data/DS/AD/processed_corridor/test/box/006477_512_512.jpg,006477_512_512.jpg,box,1,anomaly,1,1,0.10627661645412445
/Users/rashid/data/DS/AD/processed_corridor/test/box/006478_512_512.jpg,006478_512_512.jpg,box,1,anomaly,1,1,0.10696962475776672
/Users/rashid/data/DS/AD/processed_corridor/test/box/006479_512_512.jpg,006479_512_512.jpg,box,1,anomaly,1,1,0.10807623714208603
/Users/rashid/data/DS/AD/processed_corridor/test/box/006480_512_512.jpg,006480_512_512.jpg,box,1,anomaly,1,1,0.10961268842220306
/Users/rashid/data/DS/AD/processed_corridor/test/box/006481_512_512.jpg,006481_512_512.jpg,box,1,anomaly,1,1,0.111733078956604
/Users/rashid/data/DS/AD/processed_corridor/test/box/006482_512_512.jpg,006482_512_512.jpg,box,1,anomaly,1,1,0.11274600028991699
/Users/rashid/data/DS/AD/processed_corridor/test/box/006483_512_512.jpg,006483_512_512.jpg,box,1,anomaly,1,1,0.11372993886470795
/Users/rashid/data/DS/AD/processed_corridor/test/box/006484_512_512.jpg,006484_512_512.jpg,box,1,anomaly,1,1,0.11478682607412338
/Users/rashid/data/DS/AD/processed_corridor/test/box/006485_512_512.jpg,006485_512_512.jpg,box,1,anomaly,1,1,0.11544226109981537
/Users/rashid/data/DS/AD/processed_corridor/test/box/006486_512_512.jpg,006486_512_512.jpg,box,1,anomaly,1,1,0.11628919839859009
/Users/rashid/data/DS/AD/processed_corridor/test/box/006487_512_512.jpg,006487_512_512.jpg,box,1,anomaly,1,1,0.12102392315864563
/Users/rashid/data/DS/AD/processed_corridor/test/box/006488_512_512.jpg,006488_512_512.jpg,box,1,anomaly,1,1,0.12276414036750793
/Users/rashid/data/DS/AD/processed_corridor/test/box/006489_512_512.jpg,006489_512_512.jpg,box,1,anomaly,1,1,0.12423863261938095
/Users/rashid/data/DS/AD/processed_corridor/test/box/006490_512_512.jpg,006490_512_512.jpg,box,1,anomaly,1,1,0.12604030966758728
/Users/rashid/data/DS/AD/processed_corridor/test/box/006491_512_512.jpg,006491_512_512.jpg,box,1,anomaly,1,1,0.127958282828331
/Users/rashid/data/DS/AD/processed_corridor/test/box/006492_512_512.jpg,006492_512_512.jpg,box,1,anomaly,1,1,0.13000687956809998
/Users/rashid/data/DS/AD/processed_corridor/test/box/006493_512_512.jpg,006493_512_512.jpg,box,1,anomaly,1,1,0.13159692287445068
/Users/rashid/data/DS/AD/processed_corridor/test/box/006494_512_512.jpg,006494_512_512.jpg,box,1,anomaly,1,1,0.13318875432014465
/Users/rashid/data/DS/AD/processed_corridor/test/box/006495_512_512.jpg,006495_512_512.jpg,box,1,anomaly,1,1,0.13454663753509521
/Users/rashid/data/DS/AD/processed_corridor/test/box/006496_512_512.jpg,006496_512_512.jpg,box,1,anomaly,1,1,0.1359085738658905
/Users/rashid/data/DS/AD/processed_corridor/test/box/006497_512_512.jpg,006497_512_512.jpg,box,1,anomaly,1,1,0.13688866794109344
/Users/rashid/data/DS/AD/processed_corridor/test/box/006498_512_512.jpg,006498_512_512.jpg,box,1,anomaly,1,1,0.13934150338172913
/Users/rashid/data/DS/AD/processed_corridor/test/box/006499_512_512.jpg,006499_512_512.jpg,box,1,anomaly,1,1,0.14035770297050476
/Users/rashid/data/DS/AD/processed_corridor/test/box/006500_512_512.jpg,006500_512_512.jpg,box,1,anomaly,1,1,0.1407916247844696
/Users/rashid/data/DS/AD/processed_corridor/test/box/006501_512_512.jpg,006501_512_512.jpg,box,1,anomaly,1,1,0.14309296011924744
/Users/rashid/data/DS/AD/processed_corridor/test/box/006502_512_512.jpg,006502_512_512.jpg,box,1,anomaly,1,1,0.1434001326560974
/Users/rashid/data/DS/AD/processed_corridor/test/box/006503_512_512.jpg,006503_512_512.jpg,box,1,anomaly,1,1,0.14713771641254425
/Users/rashid/data/DS/AD/processed_corridor/test/box/006504_512_512.jpg,006504_512_512.jpg,box,1,anomaly,1,1,0.14772860705852509
/Users/rashid/data/DS/AD/processed_corridor/test/box/006505_512_512.jpg,006505_512_512.jpg,box,1,anomaly,1,1,0.14781774580478668
/Users/rashid/data/DS/AD/processed_corridor/test/box/006506_512_512.jpg,006506_512_512.jpg,box,1,anomaly,1,1,0.14767050743103027
/Users/rashid/data/DS/AD/processed_corridor/test/box/006507_512_512.jpg,006507_512_512.jpg,box,1,anomaly,1,1,0.1477879136800766
/Users/rashid/data/DS/AD/processed_corridor/test/box/006508_512_512.jpg,006508_512_512.jpg,box,1,anomaly,1,1,0.14803138375282288
/Users/rashid/data/DS/AD/processed_corridor/test/box/006509_512_512.jpg,006509_512_512.jpg,box,1,anomaly,1,1,0.14769400656223297
/Users/rashid/data/DS/AD/processed_corridor/test/box/006510_512_512.jpg,006510_512_512.jpg,box,1,anomaly,1,1,0.1477065086364746
/Users/rashid/data/DS/AD/processed_corridor/test/box/006511_512_512.jpg,006511_512_512.jpg,box,1,anomaly,1,1,0.14778903126716614
/Users/rashid/data/DS/AD/processed_corridor/test/box/006512_512_512.jpg,006512_512_512.jpg,box,1,anomaly,1,1,0.14782540500164032
/Users/rashid/data/DS/AD/processed_corridor/test/box/006513_512_512.jpg,006513_512_512.jpg,box,1,anomaly,1,1,0.14796596765518188
/Users/rashid/data/DS/AD/processed_corridor/test/box/006514_512_512.jpg,006514_512_512.jpg,box,1,anomaly,1,1,0.1479262411594391
/Users/rashid/data/DS/AD/processed_corridor/test/box/006515_512_512.jpg,006515_512_512.jpg,box,1,anomaly,1,1,0.14802169799804688
/Users/rashid/data/DS/AD/processed_corridor/test/box/006516_512_512.jpg,006516_512_512.jpg,box,1,anomaly,1,1,0.14797882735729218
/Users/rashid/data/DS/AD/processed_corridor/test/box/006517_512_512.jpg,006517_512_512.jpg,box,1,anomaly,1,1,0.1476830691099167
/Users/rashid/data/DS/AD/processed_corridor/test/box/006518_512_512.jpg,006518_512_512.jpg,box,1,anomaly,1,1,0.1476602852344513
/Users/rashid/data/DS/AD/processed_corridor/test/box/006519_512_512.jpg,006519_512_512.jpg,box,1,anomaly,1,1,0.14766398072242737
/Users/rashid/data/DS/AD/processed_corridor/test/box/006520_512_512.jpg,006520_512_512.jpg,box,1,anomaly,1,1,0.1474820375442505
/Users/rashid/data/DS/AD/processed_corridor/test/box/006521_512_512.jpg,006521_512_512.jpg,box,1,anomaly,1,1,0.14745371043682098
/Users/rashid/data/DS/AD/processed_corridor/test/box/006522_512_512.jpg,006522_512_512.jpg,box,1,anomaly,1,1,0.14717218279838562
/Users/rashid/data/DS/AD/processed_corridor/test/box/006523_512_512.jpg,006523_512_512.jpg,box,1,anomaly,1,1,0.14651153981685638
/Users/rashid/data/DS/AD/processed_corridor/test/box/006524_512_512.jpg,006524_512_512.jpg,box,1,anomaly,1,1,0.1453379988670349
/Users/rashid/data/DS/AD/processed_corridor/test/box/006525_512_512.jpg,006525_512_512.jpg,box,1,anomaly,1,1,0.14294809103012085
/Users/rashid/data/DS/AD/processed_corridor/test/box/006526_512_512.jpg,006526_512_512.jpg,box,1,anomaly,1,1,0.1416592001914978
/Users/rashid/data/DS/AD/processed_corridor/test/box/006527_512_512.jpg,006527_512_512.jpg,box,1,anomaly,1,1,0.1391928493976593
/Users/rashid/data/DS/AD/processed_corridor/test/box/006528_512_512.jpg,006528_512_512.jpg,box,1,anomaly,1,1,0.136423259973526
/Users/rashid/data/DS/AD/processed_corridor/test/box/006529_512_512.jpg,006529_512_512.jpg,box,1,anomaly,1,1,0.13307075202465057
/Users/rashid/data/DS/AD/processed_corridor/test/box/006530_512_512.jpg,006530_512_512.jpg,box,1,anomaly,1,1,0.12989939749240875
/Users/rashid/data/DS/AD/processed_corridor/test/box/006531_512_512.jpg,006531_512_512.jpg,box,1,anomaly,1,1,0.1276112198829651
/Users/rashid/data/DS/AD/processed_corridor/test/box/006532_512_512.jpg,006532_512_512.jpg,box,1,anomaly,1,1,0.12586480379104614
/Users/rashid/data/DS/AD/processed_corridor/test/box/006533_512_512.jpg,006533_512_512.jpg,box,1,anomaly,1,1,0.12528590857982635
/Users/rashid/data/DS/AD/processed_corridor/test/box/006534_512_512.jpg,006534_512_512.jpg,box,1,anomaly,1,1,0.12438758462667465
/Users/rashid/data/DS/AD/processed_corridor/test/box/006535_512_512.jpg,006535_512_512.jpg,box,1,anomaly,1,1,0.12381576001644135
/Users/rashid/data/DS/AD/processed_corridor/test/box/006536_512_512.jpg,006536_512_512.jpg,box,1,anomaly,1,1,0.12298896163702011
/Users/rashid/data/DS/AD/processed_corridor/test/box/006537_512_512.jpg,006537_512_512.jpg,box,1,anomaly,1,1,0.12212018668651581
/Users/rashid/data/DS/AD/processed_corridor/test/box/006538_512_512.jpg,006538_512_512.jpg,box,1,anomaly,1,1,0.12102268636226654
/Users/rashid/data/DS/AD/processed_corridor/test/box/006539_512_512.jpg,006539_512_512.jpg,box,1,anomaly,1,1,0.1201615184545517
/Users/rashid/data/DS/AD/processed_corridor/test/box/006540_512_512.jpg,006540_512_512.jpg,box,1,anomaly,1,1,0.11870565265417099
/Users/rashid/data/DS/AD/processed_corridor/test/box/006541_512_512.jpg,006541_512_512.jpg,box,1,anomaly,1,1,0.11600397527217865
/Users/rashid/data/DS/AD/processed_corridor/test/box/006542_512_512.jpg,006542_512_512.jpg,box,1,anomaly,1,1,0.11354826390743256
/Users/rashid/data/DS/AD/processed_corridor/test/box/006543_512_512.jpg,006543_512_512.jpg,box,1,anomaly,1,1,0.11200817674398422
/Users/rashid/data/DS/AD/processed_corridor/test/box/006544_512_512.jpg,006544_512_512.jpg,box,1,anomaly,1,1,0.11130495369434357
/Users/rashid/data/DS/AD/processed_corridor/test/box/006545_512_512.jpg,006545_512_512.jpg,box,1,anomaly,1,1,0.1101590022444725
/Users/rashid/data/DS/AD/processed_corridor/test/box/006546_512_512.jpg,006546_512_512.jpg,box,1,anomaly,1,1,0.1091529056429863
/Users/rashid/data/DS/AD/processed_corridor/test/box/006547_512_512.jpg,006547_512_512.jpg,box,1,anomaly,1,1,0.10876183956861496
/Users/rashid/data/DS/AD/processed_corridor/test/box/006548_512_512.jpg,006548_512_512.jpg,box,1,anomaly,1,1,0.10824114084243774
/Users/rashid/data/DS/AD/processed_corridor/test/box/006549_512_512.jpg,006549_512_512.jpg,box,1,anomaly,1,1,0.10694073140621185
/Users/rashid/data/DS/AD/processed_corridor/test/box/006550_512_512.jpg,006550_512_512.jpg,box,1,anomaly,1,1,0.10646776854991913
/Users/rashid/data/DS/AD/processed_corridor/test/box/006551_512_512.jpg,006551_512_512.jpg,box,1,anomaly,1,1,0.10738932341337204
/Users/rashid/data/DS/AD/processed_corridor/test/box/006552_512_512.jpg,006552_512_512.jpg,box,1,anomaly,1,1,0.10754112899303436
/Users/rashid/data/DS/AD/processed_corridor/test/box/006553_512_512.jpg,006553_512_512.jpg,box,1,anomaly,1,1,0.1060512512922287
/Users/rashid/data/DS/AD/processed_corridor/test/box/006554_512_512.jpg,006554_512_512.jpg,box,1,anomaly,1,1,0.1056320071220398
/Users/rashid/data/DS/AD/processed_corridor/test/box/006555_512_512.jpg,006555_512_512.jpg,box,1,anomaly,1,1,0.10543853044509888
/Users/rashid/data/DS/AD/processed_corridor/test/box/006556_512_512.jpg,006556_512_512.jpg,box,1,anomaly,1,1,0.10529305785894394
/Users/rashid/data/DS/AD/processed_corridor/test/box/006557_512_512.jpg,006557_512_512.jpg,box,1,anomaly,1,1,0.10567314922809601
/Users/rashid/data/DS/AD/processed_corridor/test/box/006558_512_512.jpg,006558_512_512.jpg,box,1,anomaly,1,1,0.10528242588043213
/Users/rashid/data/DS/AD/processed_corridor/test/box/006559_512_512.jpg,006559_512_512.jpg,box,1,anomaly,1,1,0.10512147843837738
/Users/rashid/data/DS/AD/processed_corridor/test/box/006560_512_512.jpg,006560_512_512.jpg,box,1,anomaly,1,1,0.10538069903850555
/Users/rashid/data/DS/AD/processed_corridor/test/box/006561_512_512.jpg,006561_512_512.jpg,box,1,anomaly,1,1,0.10558457672595978
/Users/rashid/data/DS/AD/processed_corridor/test/box/006562_512_512.jpg,006562_512_512.jpg,box,1,anomaly,1,1,0.10603781789541245
/Users/rashid/data/DS/AD/processed_corridor/test/box/006563_512_512.jpg,006563_512_512.jpg,box,1,anomaly,1,1,0.10685180872678757
/Users/rashid/data/DS/AD/processed_corridor/test/box/006564_512_512.jpg,006564_512_512.jpg,box,1,anomaly,1,1,0.10715697705745697
/Users/rashid/data/DS/AD/processed_corridor/test/box/006565_512_512.jpg,006565_512_512.jpg,box,1,anomaly,1,1,0.10876884311437607
/Users/rashid/data/DS/AD/processed_corridor/test/box/006566_512_512.jpg,006566_512_512.jpg,box,1,anomaly,1,1,0.10937149822711945
/Users/rashid/data/DS/AD/processed_corridor/test/box/006567_512_512.jpg,006567_512_512.jpg,box,1,anomaly,1,1,0.10981154441833496
/Users/rashid/data/DS/AD/processed_corridor/test/box/006568_512_512.jpg,006568_512_512.jpg,box,1,anomaly,1,1,0.11111123859882355
/Users/rashid/data/DS/AD/processed_corridor/test/box/006569_512_512.jpg,006569_512_512.jpg,box,1,anomaly,1,1,0.11221639811992645
/Users/rashid/data/DS/AD/processed_corridor/test/box/006570_512_512.jpg,006570_512_512.jpg,box,1,anomaly,1,1,0.11283157765865326
/Users/rashid/data/DS/AD/processed_corridor/test/box/006571_512_512.jpg,006571_512_512.jpg,box,1,anomaly,1,1,0.11219041049480438
/Users/rashid/data/DS/AD/processed_corridor/test/box/006572_512_512.jpg,006572_512_512.jpg,box,1,anomaly,1,1,0.11151450872421265
/Users/rashid/data/DS/AD/processed_corridor/test/box/006573_512_512.jpg,006573_512_512.jpg,box,1,anomaly,1,1,0.11087632179260254
/Users/rashid/data/DS/AD/processed_corridor/test/box/006574_512_512.jpg,006574_512_512.jpg,box,1,anomaly,1,1,0.10914057493209839
/Users/rashid/data/DS/AD/processed_corridor/test/box/006575_512_512.jpg,006575_512_512.jpg,box,1,anomaly,1,1,0.10717906057834625
/Users/rashid/data/DS/AD/processed_corridor/test/box/006576_512_512.jpg,006576_512_512.jpg,box,1,anomaly,1,1,0.10536827892065048
/Users/rashid/data/DS/AD/processed_corridor/test/box/006577_512_512.jpg,006577_512_512.jpg,box,1,anomaly,1,1,0.10435402393341064
/Users/rashid/data/DS/AD/processed_corridor/test/box/006578_512_512.jpg,006578_512_512.jpg,box,1,anomaly,1,1,0.10329942405223846
/Users/rashid/data/DS/AD/processed_corridor/test/box/006579_512_512.jpg,006579_512_512.jpg,box,1,anomaly,1,1,0.10250145196914673
/Users/rashid/data/DS/AD/processed_corridor/test/box/006580_512_512.jpg,006580_512_512.jpg,box,1,anomaly,1,1,0.10063374042510986
/Users/rashid/data/DS/AD/processed_corridor/test/box/006581_512_512.jpg,006581_512_512.jpg,box,1,anomaly,1,1,0.09984954446554184
/Users/rashid/data/DS/AD/processed_corridor/test/box/006582_512_512.jpg,006582_512_512.jpg,box,1,anomaly,1,1,0.09867480397224426
/Users/rashid/data/DS/AD/processed_corridor/test/box/006583_512_512.jpg,006583_512_512.jpg,box,1,anomaly,1,1,0.09765296429395676
/Users/rashid/data/DS/AD/processed_corridor/test/box/006584_512_512.jpg,006584_512_512.jpg,box,1,anomaly,1,1,0.09650377929210663
/Users/rashid/data/DS/AD/processed_corridor/test/box/006585_512_512.jpg,006585_512_512.jpg,box,1,anomaly,1,1,0.09532477706670761
/Users/rashid/data/DS/AD/processed_corridor/test/box/006586_512_512.jpg,006586_512_512.jpg,box,1,anomaly,1,1,0.09421154111623764
/Users/rashid/data/DS/AD/processed_corridor/test/box/006587_512_512.jpg,006587_512_512.jpg,box,1,anomaly,1,1,0.09237480163574219
/Users/rashid/data/DS/AD/processed_corridor/test/box/006588_512_512.jpg,006588_512_512.jpg,box,1,anomaly,1,1,0.09078436344861984
/Users/rashid/data/DS/AD/processed_corridor/test/box/006589_512_512.jpg,006589_512_512.jpg,box,1,anomaly,1,1,0.09001035988330841
/Users/rashid/data/DS/AD/processed_corridor/test/box/006590_512_512.jpg,006590_512_512.jpg,box,1,anomaly,1,0,0.08934138715267181
/Users/rashid/data/DS/AD/processed_corridor/test/box/006591_512_512.jpg,006591_512_512.jpg,box,1,anomaly,1,0,0.08902740478515625
/Users/rashid/data/DS/AD/processed_corridor/test/box/006592_512_512.jpg,006592_512_512.jpg,box,1,anomaly,1,0,0.08872221410274506
/Users/rashid/data/DS/AD/processed_corridor/test/box/006593_512_512.jpg,006593_512_512.jpg,box,1,anomaly,1,0,0.08837555348873138
/Users/rashid/data/DS/AD/processed_corridor/test/box/006594_512_512.jpg,006594_512_512.jpg,box,1,anomaly,1,0,0.08772633969783783
/Users/rashid/data/DS/AD/processed_corridor/test/box/006595_512_512.jpg,006595_512_512.jpg,box,1,anomaly,1,0,0.08763878792524338
/Users/rashid/data/DS/AD/processed_corridor/test/box/006596_512_512.jpg,006596_512_512.jpg,box,1,anomaly,1,0,0.08793994039297104
/Users/rashid/data/DS/AD/processed_corridor/test/box/006597_512_512.jpg,006597_512_512.jpg,box,1,anomaly,1,0,0.08801474422216415
/Users/rashid/data/DS/AD/processed_corridor/test/box/006598_512_512.jpg,006598_512_512.jpg,box,1,anomaly,1,0,0.08801263570785522
/Users/rashid/data/DS/AD/processed_corridor/test/box/006599_512_512.jpg,006599_512_512.jpg,box,1,anomaly,1,0,0.08819374442100525
/Users/rashid/data/DS/AD/processed_corridor/test/box/006600_512_512.jpg,006600_512_512.jpg,box,1,anomaly,1,0,0.08833345770835876
/Users/rashid/data/DS/AD/processed_corridor/test/box/006601_512_512.jpg,006601_512_512.jpg,box,1,anomaly,1,0,0.08797523379325867
/Users/rashid/data/DS/AD/processed_corridor/test/box/006602_512_512.jpg,006602_512_512.jpg,box,1,anomaly,1,0,0.08719669282436371
/Users/rashid/data/DS/AD/processed_corridor/test/box/006603_512_512.jpg,006603_512_512.jpg,box,1,anomaly,1,0,0.08785848319530487
/Users/rashid/data/DS/AD/processed_corridor/test/box/006604_512_512.jpg,006604_512_512.jpg,box,1,anomaly,1,0,0.08716559410095215
/Users/rashid/data/DS/AD/processed_corridor/test/box/006605_512_512.jpg,006605_512_512.jpg,box,1,anomaly,1,0,0.08609788119792938
/Users/rashid/data/DS/AD/processed_corridor/test/box/006606_512_512.jpg,006606_512_512.jpg,box,1,anomaly,1,0,0.08559616655111313
/Users/rashid/data/DS/AD/processed_corridor/test/box/006607_512_512.jpg,006607_512_512.jpg,box,1,anomaly,1,0,0.08527769893407822
/Users/rashid/data/DS/AD/processed_corridor/test/box/006608_512_512.jpg,006608_512_512.jpg,box,1,anomaly,1,0,0.08543990552425385
/Users/rashid/data/DS/AD/processed_corridor/test/box/006609_512_512.jpg,006609_512_512.jpg,box,1,anomaly,1,0,0.08553068339824677
/Users/rashid/data/DS/AD/processed_corridor/test/box/006610_512_512.jpg,006610_512_512.jpg,box,1,anomaly,1,0,0.08537822216749191
/Users/rashid/data/DS/AD/processed_corridor/test/box/006611_512_512.jpg,006611_512_512.jpg,box,1,anomaly,1,0,0.0854506641626358
/Users/rashid/data/DS/AD/processed_corridor/test/box/006612_512_512.jpg,006612_512_512.jpg,box,1,anomaly,1,0,0.08538772910833359
/Users/rashid/data/DS/AD/processed_corridor/test/box/006613_512_512.jpg,006613_512_512.jpg,box,1,anomaly,1,0,0.08534245193004608
/Users/rashid/data/DS/AD/processed_corridor/test/box/006614_512_512.jpg,006614_512_512.jpg,box,1,anomaly,1,0,0.08534599840641022
/Users/rashid/data/DS/AD/processed_corridor/test/box/006615_512_512.jpg,006615_512_512.jpg,box,1,anomaly,1,0,0.08532071113586426
/Users/rashid/data/DS/AD/processed_corridor/test/box/006616_512_512.jpg,006616_512_512.jpg,box,1,anomaly,1,0,0.08542122691869736
/Users/rashid/data/DS/AD/processed_corridor/test/box/006617_512_512.jpg,006617_512_512.jpg,box,1,anomaly,1,0,0.0853300541639328
/Users/rashid/data/DS/AD/processed_corridor/test/box/006618_512_512.jpg,006618_512_512.jpg,box,1,anomaly,1,0,0.08536853641271591
/Users/rashid/data/DS/AD/processed_corridor/test/box/006619_512_512.jpg,006619_512_512.jpg,box,1,anomaly,1,0,0.08537702262401581
/Users/rashid/data/DS/AD/processed_corridor/test/box/006620_512_512.jpg,006620_512_512.jpg,box,1,anomaly,1,0,0.08548297733068466
/Users/rashid/data/DS/AD/processed_corridor/test/box/006621_512_512.jpg,006621_512_512.jpg,box,1,anomaly,1,0,0.08543580025434494
/Users/rashid/data/DS/AD/processed_corridor/test/box/012043_512_512.jpg,012043_512_512.jpg,box,1,anomaly,1,0,0.05326469987630844
/Users/rashid/data/DS/AD/processed_corridor/test/box/012044_512_512.jpg,012044_512_512.jpg,box,1,anomaly,1,0,0.0532355010509491
/Users/rashid/data/DS/AD/processed_corridor/test/box/012045_512_512.jpg,012045_512_512.jpg,box,1,anomaly,1,0,0.053124845027923584
/Users/rashid/data/DS/AD/processed_corridor/test/box/012046_512_512.jpg,012046_512_512.jpg,box,1,anomaly,1,0,0.053018759936094284
/Users/rashid/data/DS/AD/processed_corridor/test/box/012047_512_512.jpg,012047_512_512.jpg,box,1,anomaly,1,0,0.05307726562023163
/Users/rashid/data/DS/AD/processed_corridor/test/box/012048_512_512.jpg,012048_512_512.jpg,box,1,anomaly,1,0,0.05309518799185753
/Users/rashid/data/DS/AD/processed_corridor/test/box/012049_512_512.jpg,012049_512_512.jpg,box,1,anomaly,1,0,0.052985623478889465
/Users/rashid/data/DS/AD/processed_corridor/test/box/012050_512_512.jpg,012050_512_512.jpg,box,1,anomaly,1,0,0.05291100591421127
/Users/rashid/data/DS/AD/processed_corridor/test/box/012051_512_512.jpg,012051_512_512.jpg,box,1,anomaly,1,0,0.053241610527038574
/Users/rashid/data/DS/AD/processed_corridor/test/box/012052_512_512.jpg,012052_512_512.jpg,box,1,anomaly,1,0,0.05336729809641838
/Users/rashid/data/DS/AD/processed_corridor/test/box/012053_512_512.jpg,012053_512_512.jpg,box,1,anomaly,1,0,0.05333360284566879
/Users/rashid/data/DS/AD/processed_corridor/test/box/012054_512_512.jpg,012054_512_512.jpg,box,1,anomaly,1,0,0.05328172445297241
/Users/rashid/data/DS/AD/processed_corridor/test/box/012055_512_512.jpg,012055_512_512.jpg,box,1,anomaly,1,0,0.05333637446165085
/Users/rashid/data/DS/AD/processed_corridor/test/box/012056_512_512.jpg,012056_512_512.jpg,box,1,anomaly,1,0,0.05333463475108147
/Users/rashid/data/DS/AD/processed_corridor/test/box/012057_512_512.jpg,012057_512_512.jpg,box,1,anomaly,1,0,0.05295369029045105
/Users/rashid/data/DS/AD/processed_corridor/test/box/012058_512_512.jpg,012058_512_512.jpg,box,1,anomaly,1,0,0.05344559997320175
/Users/rashid/data/DS/AD/processed_corridor/test/box/012059_512_512.jpg,012059_512_512.jpg,box,1,anomaly,1,0,0.05327441543340683
/Users/rashid/data/DS/AD/processed_corridor/test/box/012060_512_512.jpg,012060_512_512.jpg,box,1,anomaly,1,0,0.053476911038160324
/Users/rashid/data/DS/AD/processed_corridor/test/box/012061_512_512.jpg,012061_512_512.jpg,box,1,anomaly,1,0,0.053084246814250946
/Users/rashid/data/DS/AD/processed_corridor/test/box/012062_512_512.jpg,012062_512_512.jpg,box,1,anomaly,1,0,0.05325409770011902
/Users/rashid/data/DS/AD/processed_corridor/test/box/012063_512_512.jpg,012063_512_512.jpg,box,1,anomaly,1,0,0.053085993975400925
/Users/rashid/data/DS/AD/processed_corridor/test/box/012064_512_512.jpg,012064_512_512.jpg,box,1,anomaly,1,0,0.05321113392710686
/Users/rashid/data/DS/AD/processed_corridor/test/box/012065_512_512.jpg,012065_512_512.jpg,box,1,anomaly,1,0,0.05329585075378418
/Users/rashid/data/DS/AD/processed_corridor/test/box/012066_512_512.jpg,012066_512_512.jpg,box,1,anomaly,1,0,0.0532548651099205
/Users/rashid/data/DS/AD/processed_corridor/test/box/012067_512_512.jpg,012067_512_512.jpg,box,1,anomaly,1,0,0.05351632833480835
/Users/rashid/data/DS/AD/processed_corridor/test/box/012068_512_512.jpg,012068_512_512.jpg,box,1,anomaly,1,0,0.05319587513804436
/Users/rashid/data/DS/AD/processed_corridor/test/box/012069_512_512.jpg,012069_512_512.jpg,box,1,anomaly,1,0,0.05336775630712509
/Users/rashid/data/DS/AD/processed_corridor/test/box/012070_512_512.jpg,012070_512_512.jpg,box,1,anomaly,1,0,0.053519636392593384
/Users/rashid/data/DS/AD/processed_corridor/test/box/012071_512_512.jpg,012071_512_512.jpg,box,1,anomaly,1,0,0.053709786385297775
/Users/rashid/data/DS/AD/processed_corridor/test/box/012072_512_512.jpg,012072_512_512.jpg,box,1,anomaly,1,0,0.05396857112646103
/Users/rashid/data/DS/AD/processed_corridor/test/box/012073_512_512.jpg,012073_512_512.jpg,box,1,anomaly,1,0,0.05453784391283989
/Users/rashid/data/DS/AD/processed_corridor/test/box/012074_512_512.jpg,012074_512_512.jpg,box,1,anomaly,1,0,0.05488210543990135
/Users/rashid/data/DS/AD/processed_corridor/test/box/012075_512_512.jpg,012075_512_512.jpg,box,1,anomaly,1,0,0.055484589189291
/Users/rashid/data/DS/AD/processed_corridor/test/box/012076_512_512.jpg,012076_512_512.jpg,box,1,anomaly,1,0,0.05560919642448425
/Users/rashid/data/DS/AD/processed_corridor/test/box/012077_512_512.jpg,012077_512_512.jpg,box,1,anomaly,1,0,0.05583307147026062
/Users/rashid/data/DS/AD/processed_corridor/test/box/012078_512_512.jpg,012078_512_512.jpg,box,1,anomaly,1,0,0.05642707273364067
/Users/rashid/data/DS/AD/processed_corridor/test/box/012079_512_512.jpg,012079_512_512.jpg,box,1,anomaly,1,0,0.05706019327044487
/Users/rashid/data/DS/AD/processed_corridor/test/box/012080_512_512.jpg,012080_512_512.jpg,box,1,anomaly,1,0,0.05744286626577377
/Users/rashid/data/DS/AD/processed_corridor/test/box/012081_512_512.jpg,012081_512_512.jpg,box,1,anomaly,1,0,0.05846592038869858
/Users/rashid/data/DS/AD/processed_corridor/test/box/012082_512_512.jpg,012082_512_512.jpg,box,1,anomaly,1,0,0.058874182403087616
/Users/rashid/data/DS/AD/processed_corridor/test/box/012083_512_512.jpg,012083_512_512.jpg,box,1,anomaly,1,0,0.05939895659685135
/Users/rashid/data/DS/AD/processed_corridor/test/box/012084_512_512.jpg,012084_512_512.jpg,box,1,anomaly,1,0,0.05979492515325546
/Users/rashid/data/DS/AD/processed_corridor/test/box/012085_512_512.jpg,012085_512_512.jpg,box,1,anomaly,1,0,0.06017034500837326
/Users/rashid/data/DS/AD/processed_corridor/test/box/012086_512_512.jpg,012086_512_512.jpg,box,1,anomaly,1,0,0.06070370227098465
/Users/rashid/data/DS/AD/processed_corridor/test/box/012087_512_512.jpg,012087_512_512.jpg,box,1,anomaly,1,0,0.06128722429275513
/Users/rashid/data/DS/AD/processed_corridor/test/box/012088_512_512.jpg,012088_512_512.jpg,box,1,anomaly,1,0,0.06268009543418884
/Users/rashid/data/DS/AD/processed_corridor/test/box/012089_512_512.jpg,012089_512_512.jpg,box,1,anomaly,1,0,0.06321869790554047
/Users/rashid/data/DS/AD/processed_corridor/test/box/012090_512_512.jpg,012090_512_512.jpg,box,1,anomaly,1,0,0.06395157426595688
/Users/rashid/data/DS/AD/processed_corridor/test/box/012091_512_512.jpg,012091_512_512.jpg,box,1,anomaly,1,0,0.06479190289974213
/Users/rashid/data/DS/AD/processed_corridor/test/box/012092_512_512.jpg,012092_512_512.jpg,box,1,anomaly,1,0,0.06539761275053024
/Users/rashid/data/DS/AD/processed_corridor/test/box/012093_512_512.jpg,012093_512_512.jpg,box,1,anomaly,1,0,0.06605523079633713
/Users/rashid/data/DS/AD/processed_corridor/test/box/012094_512_512.jpg,012094_512_512.jpg,box,1,anomaly,1,0,0.06657002121210098
/Users/rashid/data/DS/AD/processed_corridor/test/box/012095_512_512.jpg,012095_512_512.jpg,box,1,anomaly,1,0,0.0671113058924675
/Users/rashid/data/DS/AD/processed_corridor/test/box/012096_512_512.jpg,012096_512_512.jpg,box,1,anomaly,1,0,0.06766588985919952
/Users/rashid/data/DS/AD/processed_corridor/test/box/012097_512_512.jpg,012097_512_512.jpg,box,1,anomaly,1,0,0.06777546554803848
/Users/rashid/data/DS/AD/processed_corridor/test/box/012098_512_512.jpg,012098_512_512.jpg,box,1,anomaly,1,0,0.06801299750804901
/Users/rashid/data/DS/AD/processed_corridor/test/box/012099_512_512.jpg,012099_512_512.jpg,box,1,anomaly,1,0,0.0676296129822731
/Users/rashid/data/DS/AD/processed_corridor/test/box/012100_512_512.jpg,012100_512_512.jpg,box,1,anomaly,1,0,0.06768344342708588
/Users/rashid/data/DS/AD/processed_corridor/test/box/012101_512_512.jpg,012101_512_512.jpg,box,1,anomaly,1,0,0.06765194982290268
/Users/rashid/data/DS/AD/processed_corridor/test/box/012102_512_512.jpg,012102_512_512.jpg,box,1,anomaly,1,0,0.06746377050876617
/Users/rashid/data/DS/AD/processed_corridor/test/box/012103_512_512.jpg,012103_512_512.jpg,box,1,anomaly,1,0,0.06705470383167267
/Users/rashid/data/DS/AD/processed_corridor/test/box/012104_512_512.jpg,012104_512_512.jpg,box,1,anomaly,1,0,0.06722976267337799
/Users/rashid/data/DS/AD/processed_corridor/test/box/012105_512_512.jpg,012105_512_512.jpg,box,1,anomaly,1,0,0.067053884267807
/Users/rashid/data/DS/AD/processed_corridor/test/box/012106_512_512.jpg,012106_512_512.jpg,box,1,anomaly,1,0,0.06742497533559799
/Users/rashid/data/DS/AD/processed_corridor/test/box/012107_512_512.jpg,012107_512_512.jpg,box,1,anomaly,1,0,0.06748093664646149
/Users/rashid/data/DS/AD/processed_corridor/test/box/012108_512_512.jpg,012108_512_512.jpg,box,1,anomaly,1,0,0.06769650429487228
/Users/rashid/data/DS/AD/processed_corridor/test/box/012109_512_512.jpg,012109_512_512.jpg,box,1,anomaly,1,0,0.06797018647193909
/Users/rashid/data/DS/AD/processed_corridor/test/box/012110_512_512.jpg,012110_512_512.jpg,box,1,anomaly,1,0,0.06863822042942047
/Users/rashid/data/DS/AD/processed_corridor/test/box/012111_512_512.jpg,012111_512_512.jpg,box,1,anomaly,1,0,0.06926747411489487
/Users/rashid/data/DS/AD/processed_corridor/test/box/012112_512_512.jpg,012112_512_512.jpg,box,1,anomaly,1,0,0.06919430941343307
/Users/rashid/data/DS/AD/processed_corridor/test/box/012113_512_512.jpg,012113_512_512.jpg,box,1,anomaly,1,0,0.06886442750692368
/Users/rashid/data/DS/AD/processed_corridor/test/box/012114_512_512.jpg,012114_512_512.jpg,box,1,anomaly,1,0,0.06899344176054001
/Users/rashid/data/DS/AD/processed_corridor/test/box/012115_512_512.jpg,012115_512_512.jpg,box,1,anomaly,1,0,0.06921614706516266
/Users/rashid/data/DS/AD/processed_corridor/test/box/012116_512_512.jpg,012116_512_512.jpg,box,1,anomaly,1,0,0.06954720616340637
/Users/rashid/data/DS/AD/processed_corridor/test/box/012117_512_512.jpg,012117_512_512.jpg,box,1,anomaly,1,0,0.07005766034126282
/Users/rashid/data/DS/AD/processed_corridor/test/box/012118_512_512.jpg,012118_512_512.jpg,box,1,anomaly,1,0,0.07055018842220306
/Users/rashid/data/DS/AD/processed_corridor/test/box/012119_512_512.jpg,012119_512_512.jpg,box,1,anomaly,1,0,0.07095696032047272
/Users/rashid/data/DS/AD/processed_corridor/test/box/012120_512_512.jpg,012120_512_512.jpg,box,1,anomaly,1,0,0.07178103178739548
/Users/rashid/data/DS/AD/processed_corridor/test/box/012121_512_512.jpg,012121_512_512.jpg,box,1,anomaly,1,0,0.0723196268081665
/Users/rashid/data/DS/AD/processed_corridor/test/box/012122_512_512.jpg,012122_512_512.jpg,box,1,anomaly,1,0,0.07240958511829376
/Users/rashid/data/DS/AD/processed_corridor/test/box/012123_512_512.jpg,012123_512_512.jpg,box,1,anomaly,1,0,0.07369746267795563
/Users/rashid/data/DS/AD/processed_corridor/test/box/012124_512_512.jpg,012124_512_512.jpg,box,1,anomaly,1,0,0.07369852811098099
/Users/rashid/data/DS/AD/processed_corridor/test/box/012125_512_512.jpg,012125_512_512.jpg,box,1,anomaly,1,0,0.0741635113954544
/Users/rashid/data/DS/AD/processed_corridor/test/box/012126_512_512.jpg,012126_512_512.jpg,box,1,anomaly,1,0,0.07494793832302094
/Users/rashid/data/DS/AD/processed_corridor/test/box/012127_512_512.jpg,012127_512_512.jpg,box,1,anomaly,1,0,0.07553616166114807
/Users/rashid/data/DS/AD/processed_corridor/test/box/012128_512_512.jpg,012128_512_512.jpg,box,1,anomaly,1,0,0.07642946392297745
/Users/rashid/data/DS/AD/processed_corridor/test/box/012129_512_512.jpg,012129_512_512.jpg,box,1,anomaly,1,0,0.07654538005590439
/Users/rashid/data/DS/AD/processed_corridor/test/box/012130_512_512.jpg,012130_512_512.jpg,box,1,anomaly,1,0,0.07699286937713623
/Users/rashid/data/DS/AD/processed_corridor/test/box/012131_512_512.jpg,012131_512_512.jpg,box,1,anomaly,1,0,0.07745908200740814
/Users/rashid/data/DS/AD/processed_corridor/test/box/012132_512_512.jpg,012132_512_512.jpg,box,1,anomaly,1,0,0.07740066945552826
/Users/rashid/data/DS/AD/processed_corridor/test/box/012133_512_512.jpg,012133_512_512.jpg,box,1,anomaly,1,0,0.07900524884462357
/Users/rashid/data/DS/AD/processed_corridor/test/box/012134_512_512.jpg,012134_512_512.jpg,box,1,anomaly,1,0,0.08047839254140854
/Users/rashid/data/DS/AD/processed_corridor/test/box/012135_512_512.jpg,012135_512_512.jpg,box,1,anomaly,1,0,0.08137702941894531
/Users/rashid/data/DS/AD/processed_corridor/test/box/012136_512_512.jpg,012136_512_512.jpg,box,1,anomaly,1,0,0.08197229355573654
/Users/rashid/data/DS/AD/processed_corridor/test/box/012137_512_512.jpg,012137_512_512.jpg,box,1,anomaly,1,0,0.08309705555438995
/Users/rashid/data/DS/AD/processed_corridor/test/box/012138_512_512.jpg,012138_512_512.jpg,box,1,anomaly,1,0,0.08327748626470566
/Users/rashid/data/DS/AD/processed_corridor/test/box/012139_512_512.jpg,012139_512_512.jpg,box,1,anomaly,1,0,0.08468395471572876
/Users/rashid/data/DS/AD/processed_corridor/test/box/012140_512_512.jpg,012140_512_512.jpg,box,1,anomaly,1,0,0.08502324670553207
/Users/rashid/data/DS/AD/processed_corridor/test/box/012141_512_512.jpg,012141_512_512.jpg,box,1,anomaly,1,0,0.08517589420080185
/Users/rashid/data/DS/AD/processed_corridor/test/box/012142_512_512.jpg,012142_512_512.jpg,box,1,anomaly,1,0,0.08613602817058563
/Users/rashid/data/DS/AD/processed_corridor/test/box/012143_512_512.jpg,012143_512_512.jpg,box,1,anomaly,1,0,0.0873878002166748
/Users/rashid/data/DS/AD/processed_corridor/test/box/012144_512_512.jpg,012144_512_512.jpg,box,1,anomaly,1,0,0.08709611743688583
/Users/rashid/data/DS/AD/processed_corridor/test/box/012145_512_512.jpg,012145_512_512.jpg,box,1,anomaly,1,0,0.08801783621311188
/Users/rashid/data/DS/AD/processed_corridor/test/box/012146_512_512.jpg,012146_512_512.jpg,box,1,anomaly,1,0,0.08836003392934799
/Users/rashid/data/DS/AD/processed_corridor/test/box/012147_512_512.jpg,012147_512_512.jpg,box,1,anomaly,1,0,0.08905532956123352
/Users/rashid/data/DS/AD/processed_corridor/test/box/012148_512_512.jpg,012148_512_512.jpg,box,1,anomaly,1,0,0.08944573998451233
/Users/rashid/data/DS/AD/processed_corridor/test/box/012149_512_512.jpg,012149_512_512.jpg,box,1,anomaly,1,1,0.09029092639684677
/Users/rashid/data/DS/AD/processed_corridor/test/box/012150_512_512.jpg,012150_512_512.jpg,box,1,anomaly,1,1,0.0902879387140274
/Users/rashid/data/DS/AD/processed_corridor/test/box/012151_512_512.jpg,012151_512_512.jpg,box,1,anomaly,1,1,0.09158297628164291
/Users/rashid/data/DS/AD/processed_corridor/test/box/012152_512_512.jpg,012152_512_512.jpg,box,1,anomaly,1,1,0.09162089228630066
/Users/rashid/data/DS/AD/processed_corridor/test/box/012153_512_512.jpg,012153_512_512.jpg,box,1,anomaly,1,1,0.09181270003318787
/Users/rashid/data/DS/AD/processed_corridor/test/box/012154_512_512.jpg,012154_512_512.jpg,box,1,anomaly,1,1,0.09249494969844818
/Users/rashid/data/DS/AD/processed_corridor/test/box/012155_512_512.jpg,012155_512_512.jpg,box,1,anomaly,1,1,0.09297164529561996
/Users/rashid/data/DS/AD/processed_corridor/test/box/012156_512_512.jpg,012156_512_512.jpg,box,1,anomaly,1,1,0.09386636316776276
/Users/rashid/data/DS/AD/processed_corridor/test/box/012157_512_512.jpg,012157_512_512.jpg,box,1,anomaly,1,1,0.09411462396383286
/Users/rashid/data/DS/AD/processed_corridor/test/box/012158_512_512.jpg,012158_512_512.jpg,box,1,anomaly,1,1,0.09559883922338486
/Users/rashid/data/DS/AD/processed_corridor/test/box/012159_512_512.jpg,012159_512_512.jpg,box,1,anomaly,1,1,0.09577232599258423
/Users/rashid/data/DS/AD/processed_corridor/test/box/012160_512_512.jpg,012160_512_512.jpg,box,1,anomaly,1,1,0.09571891278028488
/Users/rashid/data/DS/AD/processed_corridor/test/box/012161_512_512.jpg,012161_512_512.jpg,box,1,anomaly,1,1,0.09669940173625946
/Users/rashid/data/DS/AD/processed_corridor/test/box/012162_512_512.jpg,012162_512_512.jpg,box,1,anomaly,1,1,0.09769727289676666
/Users/rashid/data/DS/AD/processed_corridor/test/box/012163_512_512.jpg,012163_512_512.jpg,box,1,anomaly,1,1,0.09997539222240448
/Users/rashid/data/DS/AD/processed_corridor/test/box/012164_512_512.jpg,012164_512_512.jpg,box,1,anomaly,1,1,0.10051622241735458
